City_ID,City,Lat,Lng,Max Temp,Humidity,Cloudiness,Wind Speed,Country,Date
0,midvagur,62.0511,-7.1939,10.46,87,75,8.23,FO,1717175840
1,port mathurin,-19.6833,63.4167,24.58,69,71,11.88,MU,1717175840
2,yazd,31.8972,54.3675,35.06,10,0,3.09,IR,1717175840
3,mossel bay,-34.1831,22.146,12.96,70,100,2.65,ZA,1717175841
4,port-aux-francais,-49.35,70.2167,6.38,95,100,15.63,TF,1717175841
5,maintirano,-18.0667,44.0167,25.34,71,0,3.03,MG,1717175841
6,port macquarie,-31.4333,152.9167,15.5,80,100,0.51,AU,1717175842
7,adamstown,-25.066,-130.1015,20.18,64,1,5.86,PN,1717175842
8,sitka,57.0531,-135.33,12.94,54,100,7.2,US,1717175842
9,nova vicosa,-17.8919,-39.3719,25.31,66,100,6.8,BR,1717175843
10,tan-tan,28.438,-11.1032,19.97,82,100,7.2,MA,1717175843
11,mount isa,-20.7333,139.5,16.87,94,100,6.69,AU,1717175843
12,hermanus,-34.4187,19.2345,9.89,77,70,2.51,ZA,1717175843
13,blackmans bay,-43.0167,147.3167,8.18,75,71,3.35,AU,1717175843
14,nenjiang,49.1833,125.2167,12.35,55,96,2.49,CN,1717175843
15,ushuaia,-54.8,-68.3,2.81,70,0,1.54,AR,1717175843
16,saint-pierre,-21.3393,55.4781,21.82,83,0,3.09,RE,1717175843
17,grytviken,-54.2811,-36.5092,-4.06,83,39,9.72,GS,1717175844
18,kerikeri,-35.2268,173.9474,9.31,95,13,1.77,NZ,1717175844
19,avarua,-21.2078,-159.775,24.03,64,100,3.09,CK,1717175844
20,whitehorse,60.7161,-135.0538,10.05,41,40,6.17,CA,1717175844
21,ulladulla,-35.35,150.4667,11.62,74,100,3.08,AU,1717175844
22,puerto natales,-51.7236,-72.4875,0.25,100,100,1.03,CL,1717175844
23,masterton,-40.9597,175.6575,12.71,96,95,1.69,NZ,1717175844
24,iqaluit,63.7506,-68.5145,1.85,59,75,5.14,CA,1717175844
25,cody,44.5263,-109.0565,15.11,37,0,2.06,US,1717175845
26,stanley,54.868,-1.6985,14.33,65,20,4.63,GB,1717175845
27,ancud,-41.8697,-73.8203,8.47,90,100,3.12,CL,1717175845
28,jiangkou,25.4872,119.1986,24.37,99,100,1.94,CN,1717175845
29,ilulissat,69.2167,-51.1,2.01,55,0,3.09,GL,1717175845
30,alegrete,-29.7831,-55.7919,17.74,66,84,3.54,BR,1717175845
31,namibe,-15.1961,12.1522,20.26,74,7,4.44,AO,1717175845
32,keflavik,64.0049,-22.5624,8.95,93,100,7.72,IS,1717175846
33,sinabang,2.4803,96.3801,25.41,84,100,2.09,ID,1717175846
34,fale old settlement,-9.3852,-171.2468,28.87,74,87,4.03,TK,1717175846
35,kone,-21.0595,164.8658,21.16,66,55,3.12,NC,1717175846
36,clarkston heights-vineland,46.3874,-117.083,19.13,47,0,0.0,US,1717175846
37,carnarvon,-24.8667,113.6333,19.74,49,0,3.19,AU,1717175846
38,waitangi,-43.9535,-176.5597,11.57,91,39,3.58,NZ,1717175846
39,bethel,41.3712,-73.414,23.44,41,40,2.57,US,1717175686
40,longyearbyen,78.2186,15.6401,4.91,87,75,5.66,SJ,1717175847
41,badger,64.8,-147.5333,14.99,66,20,2.57,US,1717175655
42,remire-montjoly,4.9167,-52.2667,30.02,79,75,3.6,GF,1717175847
43,margaret river,-33.95,115.0667,19.19,72,91,10.17,AU,1717175847
44,port elizabeth,-33.918,25.5701,15.16,92,100,3.09,ZA,1717175679
45,ketchikan,55.3422,-131.6461,11.26,82,100,6.17,US,1717175847
46,arraial do cabo,-22.9661,-42.0278,23.98,73,40,4.12,BR,1717175847
47,akureyri,65.6835,-18.0878,12.96,50,20,9.26,IS,1717175848
48,frodsham,53.2948,-2.7275,18.69,65,40,6.17,GB,1717175558
49,queenstown,-31.8976,26.8753,10.21,82,100,3.68,ZA,1717175848
50,talnakh,69.4865,88.3972,-2.11,91,100,9.5,RU,1717175848
51,agat village,13.3886,144.6585,27.06,85,0,1.54,GU,1717175848
52,lebu,-37.6167,-73.65,11.35,92,100,6.01,CL,1717175798
53,cativa,9.3606,-79.8436,31.77,81,98,1.79,PA,1717175631
54,quellon,-43.1167,-73.6167,8.32,91,100,7.09,CL,1717175791
55,santa cruz,-17.8,-63.1667,27.03,50,40,6.69,BO,1717175645
56,fort st. john,56.2499,-120.8529,12.94,35,20,6.17,CA,1717175765
57,carbonear,47.7332,-53.2148,12.0,95,100,3.14,CA,1717175849
58,afaahiti,-17.75,-149.2833,22.93,72,75,3.05,PF,1717175849
59,kayangel,8.0823,134.7173,28.14,82,89,4.53,PW,1717175849
60,codrington,-38.2667,141.9667,8.24,86,38,2.54,AU,1717175849
61,itoman,26.1247,127.6694,26.43,100,75,2.57,JP,1717175849
62,lompoc,34.6391,-120.4579,16.08,94,100,0.0,US,1717175849
63,gardelegen,52.5252,11.3952,19.94,76,100,1.28,DE,1717175850
64,albany,42.6001,-73.9662,23.16,35,64,1.34,US,1717175268
65,nili,33.7218,66.1302,18.3,24,0,3.86,AF,1717175850
66,edinburgh of the seven seas,-37.0676,-12.3116,14.51,74,100,12.24,SH,1717175850
67,juba,4.8517,31.5825,28.62,55,69,1.17,SS,1717175850
68,markaz-e hukumat-e darweshan,31.1323,64.1934,31.2,6,0,7.33,AF,1717175850
69,weno,7.4515,151.8468,27.42,84,100,5.6,FM,1717175850
70,coahuayana de hidalgo,18.7,-103.6583,33.84,34,73,2.97,MX,1717175851
71,madimba,-10.4,40.3333,24.25,88,19,3.9,TZ,1717175851
72,bilibino,68.0546,166.4372,0.84,70,98,1.4,RU,1717175851
73,tiksi,71.6872,128.8694,4.58,86,100,6.84,RU,1717175583
74,xindi,29.8167,113.4667,20.16,88,100,2.02,CN,1717175851
75,kingscliff,-28.2667,153.5667,19.89,88,40,4.12,AU,1717175851
76,kissidougou,9.1848,-10.0999,28.15,74,89,2.79,GN,1717175851
77,vadso,70.0744,29.7487,11.49,93,75,2.57,NO,1717175739
78,cidade velha,14.9167,-23.6167,27.26,54,20,10.8,CV,1717175767
79,isafjordur,66.0755,-23.124,12.02,32,0,5.14,IS,1717175852
80,ribeira grande,38.5167,-28.7,16.54,88,75,4.63,PT,1717175852
81,soc trang,9.6033,105.98,27.63,82,100,1.41,VN,1717175852
82,temiskaming shores,47.4938,-79.7153,22.89,29,29,2.34,CA,1717175852
83,angaur state,6.906,134.13,29.0,78,94,4.46,PW,1717175852
84,dzuunharaa,48.8523,106.4579,11.95,55,37,1.43,MN,1717175853
85,chonchi,-42.6128,-73.8092,9.51,93,100,2.38,CL,1717175853
86,mil'kovo,55.6078,37.7956,22.73,81,95,3.68,RU,1717175853
87,arrifes,37.7667,-25.7,19.14,83,20,5.66,PT,1717175853
88,katsuura,35.1333,140.3,17.65,93,100,2.03,JP,1717175853
89,windhoek,-22.5594,17.0832,19.27,32,0,2.06,NA,1717175834
90,arinos,-15.9169,-46.1056,31.95,29,11,1.44,BR,1717175853
91,uzgen,40.7699,73.3007,15.16,52,0,3.1,KG,1717175853
92,camapua,-19.5314,-54.0439,29.54,22,0,2.73,BR,1717175853
93,qarqaraly,49.4058,75.4742,9.46,64,59,2.46,KZ,1717175854
94,maposeni,-10.5833,35.4,17.48,71,7,1.68,TZ,1717175854
95,catio,11.2833,-15.25,31.41,46,75,5.21,GW,1717175854
96,geraldton,-28.7667,114.6,11.23,82,1,6.69,AU,1717175854
97,yellowknife,62.456,-114.3525,4.67,98,100,8.23,CA,1717175766
98,zhosaly,45.4878,64.0781,27.27,15,22,4.54,KZ,1717175854
99,tirlyanskiy,54.2109,58.5806,13.44,78,91,1.21,RU,1717175855
100,naze,28.3667,129.4833,22.51,91,100,3.56,JP,1717175855
101,dunedin,-45.8742,170.5036,14.58,58,100,6.02,NZ,1717175771
102,puerto ayora,-0.7393,-90.3518,24.98,95,85,3.58,EC,1717175855
103,mazamari,-11.3258,-74.5308,30.0,48,25,1.2,PE,1717175855
104,invercargill,-46.4,168.35,15.01,80,86,6.26,NZ,1717175855
105,atafu village,-8.5421,-172.5159,28.89,74,75,3.63,TK,1717175855
106,qaqortoq,60.7167,-46.0333,2.24,88,100,2.05,GL,1717175855
107,mumford,5.2618,-0.759,28.11,78,98,4.77,GH,1717175856
108,cururupu,-1.8283,-44.8683,27.25,91,100,1.84,BR,1717175856
109,contamana,-7.3333,-75.0167,30.93,43,1,1.48,PE,1717175856
110,suva,-18.1416,178.4415,21.71,100,75,2.06,FJ,1717175856
111,salekhard,66.53,66.6019,1.33,81,96,3.58,RU,1717175856
112,harnosand,62.6323,17.9379,24.01,63,73,2.68,SE,1717175856
113,thompson,55.7435,-97.8558,12.09,94,75,6.69,CA,1717175638
114,chibougamau,49.9168,-74.3659,17.79,25,75,2.57,CA,1717175838
115,posto fiscal rolim de moura,-13.0833,-62.2667,33.35,31,0,1.13,BR,1717175856
116,savanna-la-mar,18.219,-78.1332,30.97,64,99,2.48,JM,1717175857
117,bredasdorp,-34.5322,20.0403,11.59,78,100,2.63,ZA,1717175857
118,santa ana,33.7456,-117.8678,19.93,82,100,2.06,US,1717175779
119,dudinka,69.4058,86.1778,-1.85,92,100,2.68,RU,1717175857
120,mangai,-4.05,19.5333,27.68,62,99,1.26,CD,1717175857
121,lihue,21.9789,-159.3672,23.77,79,40,6.17,US,1717175857
122,hasaki,35.7333,140.8333,17.38,90,100,4.77,JP,1717175857
123,college,64.8569,-147.8028,15.04,69,20,2.57,US,1717175857
124,punta arenas,-53.15,-70.9167,3.06,93,75,1.54,CL,1717175439
125,georgetown,5.4112,100.3354,27.19,90,20,1.03,MY,1717175711
126,port lincoln,-34.7333,135.8667,12.09,65,39,1.94,AU,1717175858
127,santana,-0.0583,-51.1817,30.1,74,75,3.09,BR,1717175858
128,tandil,-37.3217,-59.1332,14.27,65,100,6.07,AR,1717175426
129,berezovo,63.9381,65.0419,1.35,78,65,3.26,RU,1717175858
130,papao,-17.75,-149.55,23.82,72,29,3.28,PF,1717175859
131,monroeville,40.4212,-79.7881,21.46,39,0,1.54,US,1717175859
132,broken hill,-31.95,141.4333,12.06,75,92,3.94,AU,1717175859
133,hackettstown,40.854,-74.8291,23.63,41,5,0.0,US,1717175859
134,san antonio de pale,-1.4014,5.6325,26.81,76,89,5.54,GQ,1717175859
135,cedar rapids,42.0083,-91.6441,25.31,51,0,6.17,US,1717175605
136,fortaleza,-3.7227,-38.5247,31.15,81,75,5.14,BR,1717175859
137,pisco,-13.7,-76.2167,19.03,72,75,2.57,PE,1717175860
138,malayer,34.2969,48.8235,24.94,25,0,1.03,IR,1717175860
139,yei,4.095,30.6779,25.9,64,93,1.51,SS,1717175860
140,wailua homesteads,22.0669,-159.378,23.44,84,40,6.17,US,1717175860
141,enewetak,11.3474,162.3373,27.59,80,100,4.53,MH,1717175860
142,palikir - national government center,6.9248,158.1611,25.41,94,100,1.54,FM,1717175860
143,susuman,62.7833,148.1667,1.66,57,5,4.92,RU,1717175860
144,brisas de zicatela,15.8369,-97.0419,32.29,66,0,4.63,MX,1717175860
145,al kharj,24.155,47.3346,39.32,7,28,4.27,SA,1717175812
146,papatowai,-46.5619,169.4708,16.22,62,88,5.82,NZ,1717175861
147,saudarkrokur,65.7461,-19.6394,8.19,78,100,6.47,IS,1717175861
148,beipiao,41.7919,120.7792,14.61,54,18,1.09,CN,1717175861
149,port moresby,-9.4431,147.1797,24.45,93,39,2.87,PG,1717175861
150,olonkinbyen,70.9221,-8.7187,1.08,94,45,8.23,SJ,1717175861
151,labytnangi,66.6572,66.4183,1.32,81,98,5.46,RU,1717175861
152,westport,41.1415,-73.3579,24.29,34,20,4.47,US,1717175645
153,nykarleby,63.5228,22.5307,24.08,61,37,1.14,FI,1717175862
154,sola,-13.8833,167.55,26.63,80,52,7.27,VU,1717175862
155,gambela,8.25,34.5833,23.3,89,55,2.95,ET,1717175862
156,patamundai,20.5667,86.5667,27.73,74,80,2.81,IN,1717175862
157,heroica caborca,30.7167,-112.15,33.34,8,4,3.06,MX,1717175862
158,lerwick,60.1545,-1.1494,11.0,77,80,5.15,GB,1717175828
159,bubaque,11.2833,-15.8333,26.88,71,76,5.72,GW,1717175862
160,tateyama,34.9833,139.8667,17.79,93,100,0.62,JP,1717175863
161,krasnoarmeyskoye,52.7182,50.0322,23.31,42,43,2.14,RU,1717175863
162,dryden,49.7833,-92.7503,18.16,42,20,11.83,CA,1717175806
163,altamont,42.2068,-121.7372,17.65,50,0,2.68,US,1717175863
164,san jose de mayo,-34.3375,-56.7136,15.25,77,100,4.79,UY,1717175863
165,mexico,15.0646,120.7198,29.84,83,87,0.48,PH,1717175834
166,port alfred,-33.5906,26.891,14.54,96,100,4.96,ZA,1717175863
167,topki,55.2769,85.6163,5.89,76,53,2.2,RU,1717175610
168,hamilton,39.1834,-84.5333,23.94,34,0,5.14,US,1717175100
169,silopi,37.2497,42.4694,26.65,27,48,1.97,TR,1717175864
170,yanam,16.7333,82.2167,29.56,87,68,0.88,IN,1717175864
171,praia da vitoria,38.7333,-27.0667,21.14,78,40,8.32,PT,1717175864
172,black point,-34.6187,137.8972,12.54,62,1,2.65,AU,1717175864
173,trincomalee,8.5711,81.2335,28.35,86,91,5.37,LK,1717175864
174,vilyuchinsk,52.9306,158.4028,7.18,88,92,1.28,RU,1717175864
175,balaipungut,1.05,101.2833,24.27,98,100,1.4,ID,1717175864
176,mirnyy,62.5353,113.9611,10.13,65,11,2.24,RU,1717175865
177,dededo village,13.5178,144.8391,26.44,83,0,2.57,GU,1717175865
178,hithadhoo,-0.6,73.0833,29.21,79,62,7.67,MV,1717175865
179,baikunthpur,23.25,82.55,33.92,26,29,1.05,IN,1717175865
180,saipan,15.1355,145.701,27.39,94,20,3.6,MP,1717175693
181,magadan,59.5667,150.8,8.63,74,93,1.25,RU,1717175865
182,new norfolk,-42.7826,147.0587,8.84,89,46,1.27,AU,1717175865
183,howrah,22.5892,88.3103,28.0,89,40,1.54,IN,1717175865
184,kapa'a,22.0752,-159.319,24.18,84,40,6.17,US,1717175866
185,kitee,62.1,30.15,21.43,53,28,0.69,FI,1717175866
186,chulakkurgan,43.765,69.1814,22.17,20,27,1.63,KZ,1717175866
187,liwale,-9.7667,37.9333,20.62,66,19,1.29,TZ,1717175866
188,alice springs,-23.7,133.8833,7.75,100,0,0.0,AU,1717175576
189,bom jesus,-9.0744,-44.3586,36.8,23,1,2.65,BR,1717175866
190,hilo,19.7297,-155.09,21.85,91,75,2.06,US,1717175867
191,tofol,5.3248,163.0078,28.47,71,100,3.49,FM,1717175867
192,el jadid,33.2549,-8.506,20.75,82,12,6.19,MA,1717175867
193,puerto deseado,-47.7503,-65.8938,9.36,81,100,7.53,AR,1717175867
194,uturoa,-16.7333,-151.4333,27.48,73,57,6.07,PF,1717175867
195,vuktyl,63.8567,57.3094,3.39,75,90,4.02,RU,1717175868
196,malanje,-9.5402,16.341,21.91,42,100,2.38,AO,1717175868
197,zhanaozen,43.3,52.8,30.14,11,42,7.03,KZ,1717175868
198,kodiak,57.79,-152.4072,6.73,93,100,7.2,US,1717175868
199,veinticinco de mayo,-35.4323,-60.1727,16.1,75,100,2.68,AR,1717175868
200,aasiaat,68.7098,-52.8699,-1.25,64,22,5.88,GL,1717175868
201,bonthe,7.5264,-12.505,28.62,74,100,4.33,SL,1717175868
202,talcahuano,-36.7167,-73.1167,12.82,88,100,3.6,CL,1717175715
203,kotri,25.366,68.3122,29.85,72,0,9.57,PK,1717175869
204,cidreira,-30.1811,-50.2056,16.38,72,9,4.33,BR,1717175869
205,aldama,22.9167,-98.0667,33.77,41,72,5.62,MX,1717175619
206,yen bai,21.7,104.8667,25.62,87,49,0.52,VN,1717175869
207,udachny,66.4167,112.4,9.69,35,74,3.19,RU,1717175869
208,wamba,8.9333,8.6,31.01,57,72,1.87,NG,1717175869
209,morondava,-20.2833,44.2833,24.32,68,0,4.69,MG,1717175869
210,ves'yegonsk,58.664,37.2604,20.88,69,9,2.37,RU,1717175870
211,george town,5.4112,100.3354,27.19,90,20,1.03,MY,1717175624
212,ust-nera,64.5667,143.2,5.51,51,0,3.31,RU,1717175870
213,sao vicente,-23.9631,-46.3919,24.1,56,75,2.68,BR,1717175673
214,concordia,-31.393,-58.0209,20.04,64,40,1.54,AR,1717175732
215,utrik,11.2278,169.8474,27.89,78,100,4.62,MH,1717175870
216,canto do buriti,-8.11,-42.9444,35.8,25,11,4.02,BR,1717175870
217,bunia,1.5667,30.25,21.19,73,57,1.88,CD,1717175871
218,tucuma,-0.1833,-50.05,29.56,69,95,2.71,BR,1717175871
219,mont-dore,-22.2833,166.5833,22.78,99,58,3.73,NC,1717175871
220,st. john's,47.5649,-52.7093,11.75,96,100,2.06,CA,1717175851
221,happy valley-goose bay,53.3168,-60.3315,9.17,61,75,3.09,CA,1717175710
222,poso,-1.3959,120.7524,25.5,85,87,1.54,ID,1717175871
223,punta del este,-34.9667,-54.95,17.2,88,75,3.58,UY,1717175777
224,ekibastuz,51.6667,75.3667,10.94,57,74,4.92,KZ,1717175871
225,general conesa,-40.1,-64.4333,14.61,56,94,8.26,AR,1717175743
226,ndele,8.4109,20.6473,30.31,49,75,1.87,CF,1717175872
227,labrador city,52.9463,-66.9114,11.95,47,20,5.66,CA,1717175828
228,ulanhot,46.0833,122.0833,13.34,54,64,0.43,CN,1717175872
229,nova sintra,14.8667,-24.7167,23.24,81,6,9.64,CV,1717175872
230,arvika,59.6553,12.5852,23.34,63,90,3.02,SE,1717175872
231,yeppoon,-23.1333,150.7333,20.14,86,80,3.01,AU,1717175872
232,gadani,25.1185,66.7299,31.12,86,0,7.97,PK,1717175873
233,daru,-9.0763,143.2092,26.13,89,96,7.1,PG,1717175873
234,fort bragg,35.139,-79.006,25.46,30,20,3.09,US,1717175873
235,los frentones,-26.4077,-61.4137,23.27,42,100,2.96,AR,1717175873
236,kencong,-8.2833,113.3667,24.29,94,100,0.86,ID,1717175873
237,lanzhou,36.0564,103.7922,20.18,40,100,2.25,CN,1717175603
238,villa gesell,-37.2639,-56.973,15.03,71,100,5.97,AR,1717175646
239,atasu,48.6814,71.6433,14.88,54,67,3.75,KZ,1717175874
240,byron bay,-28.65,153.6167,18.17,87,100,4.71,AU,1717175874
241,shibirghan,36.6676,65.7529,29.77,12,0,4.3,AF,1717175874
242,isangel,-19.55,169.2667,22.73,81,46,8.33,VU,1717175874
243,ngorongoro,-3.2397,35.4875,11.4,86,51,1.84,TZ,1717175874
244,hawaiian paradise park,19.5933,-154.9731,21.73,93,75,2.06,US,1717175875
245,keelung,25.1283,121.7419,27.83,92,100,1.83,TW,1717175875
246,boa vista,2.8197,-60.6733,27.99,74,75,0.51,BR,1717175875
247,nuku'alofa,-21.1333,-175.2,23.36,64,100,10.96,TO,1717175788
248,tura,25.5198,90.2201,25.11,96,17,3.53,IN,1717175875
249,jalqani,12.4486,34.2186,38.33,19,87,1.69,SD,1717175875
250,gillette,44.2911,-105.5022,15.62,61,75,7.2,US,1717175762
251,lubu,23.1742,112.2809,25.05,97,100,2.65,CN,1717175875
252,bayanhongor,46.7167,100.1167,6.4,58,84,1.56,MN,1717175876
253,biltine,14.5333,20.9167,39.42,16,47,3.3,TD,1717175876
254,holualoa,19.6228,-155.9522,22.91,90,75,0.0,US,1717175876
255,tolanaro,-25.0319,46.9987,23.04,73,0,7.2,MG,1717175876
256,san patricio,28.017,-97.5169,29.4,69,87,6.77,US,1717175876
257,xining,36.6167,101.7667,13.0,59,100,1.37,CN,1717175876
258,aripuana,-9.1667,-60.6333,34.48,32,2,1.49,BR,1717175634
259,andratx,39.5755,2.4202,21.82,72,62,4.03,ES,1717175847
260,nabire,-3.3667,135.4833,24.76,93,93,1.2,ID,1717175877
261,patong,7.8961,98.2966,26.08,84,100,2.1,TH,1717175877
262,meknes,33.9776,-5.525,33.49,43,40,4.63,MA,1717175877
263,maceio,-9.6658,-35.7353,25.69,88,75,4.63,BR,1717175169
264,piti village,13.4626,144.6933,27.03,85,0,1.54,GU,1717175877
265,xuanzhou,30.9525,118.7553,18.49,87,99,2.28,CN,1717175584
266,la palma,33.8464,-118.0467,20.5,82,100,1.79,US,1717175762
267,guiuan,11.0333,125.7247,29.5,76,16,5.01,PH,1717175878
268,totness,5.8833,-56.3167,29.39,72,78,2.54,SR,1717175878
269,banjarmasin,-3.3244,114.591,27.08,97,37,1.09,ID,1717175547
270,jamestown,42.097,-79.2353,20.01,41,0,2.06,US,1717175725
271,kuanda,56.3161,116.0806,15.67,55,85,0.85,RU,1717175878
272,stephenville,32.2207,-98.2023,25.48,73,0,3.6,US,1717175846
273,pokhara,28.2333,83.9833,25.46,36,37,3.17,NP,1717175878
274,alo,7.4178,6.7371,30.28,65,98,2.5,NG,1717175878
275,anadyr,64.75,177.4833,4.28,64,0,6.0,RU,1717175879
276,arboletes,8.8505,-76.4269,27.18,81,100,2.26,CO,1717175879
277,tyukalinsk,55.8732,72.1967,7.57,69,96,4.23,RU,1717175879
278,broome,42.2506,-75.833,21.5,50,20,4.12,US,1717175879
279,dzhangala,49.2167,50.3333,27.53,17,64,4.84,KZ,1717175879
280,huntington,38.4193,-82.4452,23.69,35,0,3.58,US,1717175852
281,jayapura,-2.5333,140.7,24.66,95,56,1.79,ID,1717175879
282,nizhnyaya omka,55.4338,74.9426,6.96,60,77,3.56,RU,1717175879
283,luderitz,-26.6481,15.1594,13.54,66,0,7.32,NA,1717175880
284,viqueque,-8.8673,126.3658,24.32,95,53,0.69,TL,1717175880
285,colonia,50.9333,6.95,20.66,61,40,5.66,DE,1717175626
286,batamshinskiy,50.5594,58.2747,18.56,63,46,3.01,KZ,1717175880
287,canutama,-6.5339,-64.3831,32.86,41,7,1.64,BR,1717175880
288,aydincik,36.1437,33.3202,22.18,85,1,6.49,TR,1717175880
289,crane,31.3974,-102.3501,28.45,58,65,6.63,US,1717175880
290,west island,-12.1568,96.8225,26.99,89,75,3.6,CC,1717175880
291,klyuchi,52.2667,79.1667,9.01,57,73,1.83,RU,1717175881
292,deqen,29.9618,90.7188,13.39,48,43,0.79,CN,1717175881
293,bo phloi,14.3236,99.5161,27.41,77,100,1.84,TH,1717175881
294,lyndon,38.2567,-85.6016,24.49,43,0,6.17,US,1717175881
295,tazacorte,28.629,-17.9293,22.54,79,20,6.69,ES,1717175881
296,montevideo,-34.8335,-56.1674,16.84,88,75,5.66,UY,1717175063
297,ribeira brava,32.65,-17.0667,25.0,75,3,1.45,PT,1717175881
298,kampung pasir gudang baru,1.4726,103.878,29.06,85,75,2.06,MY,1717175882
299,askoy,60.4092,5.226,18.86,82,40,7.2,NO,1717175882
300,takoradi,4.8845,-1.7554,27.72,81,100,3.98,GH,1717175680
301,haiku-pauwela,20.9219,-156.3051,22.8,87,40,6.69,US,1717175882
302,iskateley,67.6803,53.1512,1.12,98,34,2.68,RU,1717175882
303,prince rupert,54.3161,-130.3201,11.05,87,100,9.26,CA,1717175883
304,alaghsas,17.0187,8.0168,39.94,24,60,6.17,NE,1717175883
305,gannan,47.9147,123.5031,16.27,43,100,4.98,CN,1717175883
306,chilliwack,49.1747,-121.9443,17.23,69,59,2.06,CA,1717175883
307,waingapu,-9.6567,120.2641,25.85,86,56,2.93,ID,1717175693
308,nantucket,41.2835,-70.0995,23.08,64,0,4.63,US,1717175884
309,siocon,7.7061,122.1353,27.62,84,100,1.23,PH,1717175884
310,vargashi,55.3556,65.8467,10.06,69,88,3.09,RU,1717175884
311,mili,6.0815,171.735,27.78,79,97,4.63,MH,1717175884
312,conde,-7.2597,-34.9075,28.7,70,40,5.66,BR,1717175884
313,kapuskasing,49.4169,-82.4331,25.0,33,20,6.69,CA,1717175822
314,cloverdale,38.8055,-123.0172,31.17,43,0,0.45,US,1717175884
315,selfoss,63.9331,-20.9971,10.02,94,100,7.88,IS,1717175884
316,urangan,-25.3,152.9,19.0,92,100,2.68,AU,1717175885
317,muravlenko,63.7898,74.523,-1.96,89,93,2.62,RU,1717175885
318,luanda,-8.8368,13.2343,24.34,76,99,5.52,AO,1717175849
319,nar'yan-mar,67.6713,53.087,1.17,98,28,2.68,RU,1717175885
320,kingston,17.997,-76.7936,33.42,74,20,7.2,JM,1717175431
321,san juan de miraflores,-12.1629,-76.9635,21.04,81,30,3.69,PE,1717175885
322,torreon,25.55,-103.4333,34.97,8,0,1.34,MX,1717175776
323,jieshi,22.8134,115.8257,26.5,90,97,3.82,CN,1717175885
324,tahe,52.3333,124.7333,11.53,54,27,1.36,CN,1717175886
325,bodo,67.28,14.405,12.02,82,75,2.57,NO,1717175886
326,atherton,53.5237,-2.4935,17.81,67,94,0.89,GB,1717175886
327,touros,-5.1989,-35.4608,27.97,71,99,6.4,BR,1717175886
328,ballycastle,55.2044,-6.243,14.01,82,62,5.5,GB,1717175886
329,duluth,46.7833,-92.1066,21.86,65,100,6.17,US,1717175674
330,constantia,44.1833,28.65,23.38,77,20,6.28,RO,1717175886
331,vilcun,-38.65,-72.2333,10.41,85,100,4.49,CL,1717175786
332,sassandra,4.95,-6.0833,26.93,85,100,3.38,CI,1717175887
333,sitangkai,4.6628,119.3928,28.51,81,100,2.19,PH,1717175887
334,port douglas,-16.4833,145.4667,22.41,87,32,2.07,AU,1717175887
335,balykchy,42.4557,76.1861,12.12,59,0,1.54,KG,1717175887
336,cobram,-35.9167,145.65,8.51,93,99,3.78,AU,1717175887
337,flying fish cove,-10.4217,105.6791,25.82,88,75,2.57,CX,1717175887
338,tirumullaivasal,11.2333,79.8333,31.26,71,9,5.27,IN,1717175887
339,limassol,34.675,33.0333,22.32,78,0,8.23,CY,1717175851
340,aldan,58.6031,125.3894,11.29,88,66,0.67,RU,1717175888
341,neelankarai,12.9455,80.2575,32.82,78,40,4.12,IN,1717175888
342,victoria,22.2855,114.1577,28.03,88,79,4.92,HK,1717175831
343,namtsy,62.7161,129.6658,18.36,53,83,5.19,RU,1717175888
344,guerrero negro,27.9769,-114.0611,18.15,68,81,6.95,MX,1717175888
345,merida,20.9667,-89.6167,37.01,45,75,5.81,MX,1717175647
346,opuwo,-18.0607,13.84,18.73,42,0,3.79,NA,1717175888
347,oriximina,-1.7656,-55.8661,28.74,79,5,0.5,BR,1717175889
348,lubang,13.8584,120.124,30.12,77,99,6.67,PH,1717175889
349,gebeit,21.0667,36.3167,29.99,20,6,4.65,SD,1717175889
350,kodinsk,58.6881,99.1844,8.02,99,100,2.41,RU,1717175889
351,alesund,62.4723,6.1549,16.51,82,75,5.66,NO,1717175889
352,vila franca do campo,37.7167,-25.4333,20.23,99,7,6.93,PT,1717175889
353,timmins,48.4669,-81.3331,24.9,29,20,2.57,CA,1717175817
354,vorgashor,67.5833,63.95,-2.33,87,100,5.69,RU,1717175890
355,poletayevo,55.0336,61.1138,14.9,82,64,1.9,RU,1717175890
356,willmar,45.1219,-95.0433,21.12,49,20,2.06,US,1717175890
357,ngetkib,7.3645,134.5148,27.14,89,75,0.0,PW,1717175890
358,tazovsky,67.4667,78.7,-1.33,97,100,8.95,RU,1717175890
359,robore,-18.3333,-59.75,31.05,45,6,0.0,BO,1717175890
360,coquimbo,-29.9533,-71.3436,13.85,82,20,2.06,CL,1717175765
361,taltal,-25.4,-70.4833,17.82,74,97,1.56,CL,1717175420
362,ta`u,-14.2336,-169.5144,28.05,75,100,13.11,AS,1717175891
363,illizi,26.4833,8.4667,39.89,12,43,5.21,DZ,1717175891
364,brasileia,-11.0161,-68.7481,29.25,58,20,1.54,BR,1717175891
365,miquelon,47.0975,-56.3814,15.0,93,63,2.11,PM,1717175891
366,metlili chaamba,32.2667,3.6333,35.52,12,0,4.12,DZ,1717175891
367,muynoq,43.7683,59.0214,21.97,40,13,4.89,UZ,1717175891
368,laboulaye,-34.1266,-63.3912,17.38,54,94,7.37,AR,1717175892
369,kavaratti,10.5669,72.642,29.5,82,79,7.81,IN,1717175892
370,parauapebas,-6.0675,-49.9022,32.99,58,20,2.06,BR,1717175892
371,saint-philippe,-21.3585,55.7679,21.77,82,59,5.05,RE,1717175892
372,barabai,-2.5833,115.3833,24.0,97,28,0.55,ID,1717175892
373,zmeinogorsk,51.1567,82.195,4.0,80,4,2.85,RU,1717175892
374,walvis bay,-22.9575,14.5053,16.53,72,2,5.14,NA,1717175892
375,horta,38.5333,-28.6333,16.12,89,75,4.63,PT,1717175653
376,ulsteinvik,62.3432,5.8487,16.5,79,25,1.34,NO,1717175893
377,cockburn town,21.4612,-71.1419,27.6,85,100,5.73,TC,1717175893
378,fortuna,40.5982,-124.1573,17.42,78,0,0.45,US,1717175893
379,bengkulu,-3.8004,102.2655,25.66,93,61,2.14,ID,1717175893
380,mahriz,31.5917,54.4318,33.28,13,16,4.02,IR,1717175893
381,longgang,37.6508,120.3286,16.75,66,31,1.78,CN,1717175893
382,belyy yar,53.6039,91.3903,5.94,70,0,0.0,RU,1717175893
383,gobabis,-22.45,18.9667,18.51,21,0,4.89,NA,1717175893
384,lander,42.833,-108.7307,16.55,53,0,4.12,US,1717175894
385,chandler,33.3062,-111.8412,35.23,17,0,0.45,US,1717175704
386,deridder,30.8463,-93.289,20.21,100,100,2.06,US,1717175894
387,kapshagay,43.8833,77.0833,18.91,35,4,1.4,KZ,1717175894
388,bamboo flat,11.7,92.7167,27.05,89,100,3.6,IN,1717175894
389,okhotsk,59.3833,143.3,4.68,80,5,3.3,RU,1717175894
390,la'ie,21.6477,-157.9253,25.98,81,88,3.13,US,1717175894
391,alofi,-19.0595,-169.9187,22.94,68,20,7.72,NU,1717175894
392,elele,5.1009,6.8141,26.64,84,98,1.91,NG,1717175895
393,buenaventura,3.8801,-77.0312,31.59,62,49,1.5,CO,1717175895
394,kavalerovo,44.2661,135.0572,8.0,99,100,1.79,RU,1717175895
395,sur,22.5667,59.5289,35.37,35,1,4.47,OM,1717175895
396,saldanha,-33.0117,17.9442,13.11,76,62,2.55,ZA,1717175895
397,las vegas,36.175,-115.1372,34.51,15,0,3.09,US,1717175888
398,laojunmiao,39.8333,97.7333,17.54,18,99,3.29,CN,1717175895
399,nizhneudinsk,54.9076,99.0276,8.09,88,100,5.62,RU,1717175896
400,callaway,30.153,-85.5699,33.84,54,0,5.66,US,1717175896
401,lorengau,-2.0226,147.2712,27.89,80,96,2.35,PG,1717175896
402,phang nga,8.4509,98.5298,26.02,95,100,1.05,TH,1717175896
403,balkashino,52.5167,68.7667,9.23,61,26,2.5,KZ,1717175896
404,galle,6.0367,80.217,28.02,85,83,5.92,LK,1717175896
405,leer,53.2316,7.461,17.3,90,97,4.79,DE,1717175896
406,nouadhibou,20.931,-17.0347,23.99,60,0,7.72,MR,1717175896
407,kamloops,50.6665,-120.3192,15.55,48,75,1.79,CA,1717175897
408,hirara,24.8,125.2833,27.15,94,75,3.09,JP,1717175897
409,tyukhtet,56.5389,89.3011,0.51,90,31,2.54,RU,1717175897
410,korhogo,9.45,-5.6333,35.46,36,33,3.7,CI,1717175897
411,wanxian,30.8039,108.3897,22.62,81,100,1.04,CN,1717175897
412,avanigadda,16.0215,80.9181,32.75,66,72,4.17,IN,1717175897
413,cabo san lucas,22.8909,-109.9124,33.67,47,20,2.68,MX,1717175897
414,imperatriz,-5.5264,-47.4917,34.03,49,40,4.63,BR,1717175643
415,yunmeng chengguanzhen,31.0625,113.7655,19.43,86,80,1.03,CN,1717175898
416,laguna,38.421,-121.4238,29.98,40,0,2.06,US,1717175898
417,abra pampa,-22.7205,-65.697,14.89,8,95,2.53,AR,1717175898
418,molteno,-31.3968,26.3625,12.07,51,100,0.42,ZA,1717175898
419,northam,51.0333,-4.2167,17.44,78,28,6.52,GB,1717175899
420,borba,-4.3878,-59.5939,31.09,63,26,0.69,BR,1717175899
421,chimore,-16.9833,-65.1333,27.83,45,22,1.62,BO,1717175899
422,port-cartier,50.0334,-66.8654,13.19,49,81,1.56,CA,1717175899
423,tokombere,11.2271,13.4858,37.85,25,93,2.34,NG,1717175899
424,binghamton,42.0987,-75.918,21.67,42,20,4.47,US,1717175899
425,menongue,-14.6585,17.691,19.9,35,72,2.34,AO,1717175899
426,hadibu,12.65,54.0333,29.06,77,99,3.68,YE,1717175899
427,sidi khaled,34.387,4.9879,35.92,15,75,4.4,DZ,1717175900
428,pandhana,21.7,76.2167,35.65,25,3,5.78,IN,1717175900
429,parkes,-33.1333,148.1833,9.08,97,9,2.75,AU,1717175900
430,kabalo,-6.05,26.9167,29.03,41,49,1.32,CD,1717175900
431,charters towers,-20.1,146.2667,16.51,94,61,1.76,AU,1717175900
432,sterling,39.0062,-77.4286,23.6,40,20,5.14,US,1717175818
433,carutapera,-1.195,-46.02,26.8,92,100,3.61,BR,1717175900
434,lame,10.4415,9.2396,32.4,38,77,3.31,NG,1717175900
435,sumbawa besar,-8.5,117.4333,23.48,93,47,1.76,ID,1717175901
436,petropavlovsk-kamchatsky,53.0452,158.6483,6.36,61,75,3.58,RU,1717175901
437,joaquin v. gonzalez,-25.0833,-64.1833,22.06,42,100,4.78,AR,1717175901
438,dingtao,35.0683,115.5625,23.2,42,100,5.48,CN,1717175901
439,cole harbour,44.6724,-63.4751,19.42,75,20,6.69,CA,1717175901
440,plastun,44.7561,136.2939,6.88,96,100,1.15,RU,1717175901
441,ryotsu-minato,38.0833,138.4333,14.84,94,73,2.23,JP,1717175901
442,nemuro,43.3236,145.575,6.73,84,100,4.8,JP,1717175902
443,lazaro cardenas,17.9583,-102.2,30.97,55,8,3.33,MX,1717175902
444,rundu,-17.9333,19.7667,19.96,25,0,1.73,NA,1717175902
445,kayes,14.0,-11.0,41.84,8,75,3.52,ML,1717175902
446,phillip island,-38.4835,145.231,11.38,77,69,6.62,AU,1717175902
447,honcho,35.6931,139.9833,19.49,82,100,1.96,JP,1717175902
448,albox,37.3886,-2.1495,25.74,66,34,5.2,ES,1717175903
449,sandnessjoen,66.0217,12.6316,17.29,82,75,3.09,NO,1717175903
450,vilyuysk,63.7553,121.6247,12.78,66,48,2.68,RU,1717175903
451,rock springs,41.5875,-109.2029,17.91,32,0,4.12,US,1717175903
452,talara,-4.5772,-81.2719,25.42,65,0,7.24,PE,1717175903
453,anatuya,-28.4606,-62.8347,22.83,40,61,4.12,AR,1717175903
454,antofagasta,-23.65,-70.4,17.6,74,33,3.36,CL,1717175820
455,troitsko-pechorsk,62.7084,56.1964,4.27,75,20,4.02,RU,1717175903
456,kasongo-lunda,-6.4667,16.8167,27.44,44,94,0.76,CD,1717175904
457,mount gambier,-37.8333,140.7667,6.68,92,22,0.79,AU,1717175904
458,chikola,43.1906,43.9209,21.47,89,63,2.73,RU,1717175904
459,isoka,-10.1606,32.6335,17.05,64,10,0.73,ZM,1717175904
460,puerto quijarro,-17.7833,-57.7667,33.5,24,3,1.86,BO,1717175904
461,ola,59.5833,151.2833,8.97,73,65,1.15,RU,1717175904
462,as sulayyil,20.4607,45.5779,39.14,8,21,2.64,SA,1717175904
463,tomatlan,19.9333,-105.25,34.09,33,38,2.97,MX,1717175904
464,dandeli,15.2667,74.6167,25.85,87,23,3.48,IN,1717175905
465,garissa,-0.4536,39.6401,28.02,55,57,8.52,KE,1717175905
466,edgewater,28.9889,-80.9023,33.4,51,20,6.69,US,1717175905
467,umm qasr,30.0405,47.9168,38.93,8,0,5.31,IQ,1717175905
468,hammerfest,70.6634,23.6821,8.25,93,40,5.66,NO,1717175656
469,soe,-9.8607,124.284,19.02,97,79,1.74,ID,1717175905
470,hinton,53.4001,-117.5857,11.89,29,59,5.92,CA,1717175902
471,celendin,-6.8703,-78.1517,23.29,43,18,1.52,PE,1717175906
472,les cayes,18.2,-73.75,30.86,60,93,5.26,HT,1717175906
473,pitimbu,-7.4706,-34.8086,29.33,69,24,6.51,BR,1717175906
474,cheremshan,54.6667,51.5,18.66,79,44,1.58,RU,1717175906
475,port saint john's,-31.6229,29.5448,18.93,79,87,3.86,ZA,1717175906
476,champerico,14.3,-91.9167,33.3,67,99,4.09,GT,1717175907
477,santa maria del oro,25.9333,-105.3667,29.32,12,2,2.04,MX,1717175907
478,mugia,43.1041,-9.2179,17.17,75,3,13.94,ES,1717175907
479,iquique,-20.2208,-70.1431,19.44,69,4,3.29,CL,1717175237
480,zhoucheng,35.9122,116.3117,19.88,50,80,2.38,CN,1717175907
481,odda,60.0691,6.5457,15.22,66,65,1.8,NO,1717175907
482,colonia general alfredo stroessner,-25.3667,-55.7,23.53,41,24,2.85,PY,1717175907
483,ontario,34.0633,-117.6509,29.8,74,100,2.06,US,1717175907
484,ananindeua,-1.3656,-48.3722,31.95,66,75,3.09,BR,1717175908
485,east london,-33.0153,27.9116,15.52,88,75,7.2,ZA,1717175707
486,grand-bassam,5.2118,-3.7388,29.98,74,100,3.95,CI,1717175908
487,shendi,16.6915,33.4341,40.2,8,28,4.99,SD,1717175908
488,seminole,28.7086,-81.2081,34.02,48,0,5.66,US,1717175908
489,arawa,-6.2132,155.5367,25.12,92,100,1.32,PG,1717175908
490,panaba,21.2833,-88.2667,38.12,30,0,5.38,MX,1717175909
491,karratha,-20.7377,116.8463,21.49,57,3,4.53,AU,1717175909
492,gilgit,35.9221,74.3087,16.53,56,100,0.6,PK,1717175909
493,newman,37.3138,-121.0208,29.02,35,3,2.68,US,1717175909
494,rongelap,11.1635,166.8941,27.53,79,99,3.97,MH,1717175909
495,gwadar,25.1216,62.3254,31.86,59,4,2.07,PK,1717175909
496,egilsstadir,65.2653,-14.3948,11.95,54,75,5.66,IS,1717175909
497,sisimiut,66.9395,-53.6735,0.88,65,15,1.96,GL,1717175910
498,porto barra do ivinheima,-22.9667,-53.6667,23.98,37,0,2.94,BR,1717175910
499,prince george,53.9166,-122.753,13.47,52,20,2.06,CA,1717175738
500,rio grande,-32.035,-52.0986,17.06,72,89,3.84,BR,1717175907
501,aleksandrov gay,50.147,48.5704,25.55,29,82,4.64,RU,1717175910
502,puerto san jose,13.9256,-90.8244,30.46,68,94,3.81,GT,1717175910
503,mariinsk,56.2139,87.7472,1.85,72,18,1.79,RU,1717175910
504,tilcara,-23.5776,-65.3509,17.94,7,100,3.17,AR,1717175911
505,wichita falls,33.9137,-98.4934,27.07,57,0,3.6,US,1717175911
506,santa marta,11.2408,-74.199,33.03,66,20,3.6,CO,1717175911
507,sarangani,5.4033,125.4636,29.13,79,45,9.14,PH,1717175911
508,callao,-12.0667,-77.15,21.34,88,100,4.12,PE,1717175673
509,wabag,-5.4781,143.7021,12.4,98,82,1.06,PG,1717175911
510,nadi,-17.8,177.4167,23.0,78,75,1.54,FJ,1717175705
511,huarmey,-10.0681,-78.1522,21.62,69,33,3.69,PE,1717175505
512,zuya,45.0531,34.3154,16.71,66,12,2.79,UA,1717175912
513,qandala,11.472,49.8728,31.67,63,68,1.23,SO,1717175912
514,'ain el hadjar,34.7585,0.1453,25.63,30,98,1.31,DZ,1717175912
515,agapovka,53.2973,59.1348,16.56,66,86,2.26,RU,1717175912
516,sinop,41.7711,34.8709,14.37,85,100,4.44,TR,1717175912
517,litomerice,50.5335,14.1318,16.52,89,100,3.79,CZ,1717175912
518,pacific grove,36.6177,-121.9166,20.21,82,0,3.58,US,1717175684
519,whakatane,-37.9585,176.9854,12.1,96,24,0.45,NZ,1717175913
520,igrim,63.1906,64.4162,2.69,68,64,2.3,RU,1717175913
521,raduzhny,62.0961,77.475,0.24,98,100,1.73,RU,1717175913
522,novyy urgal,51.0736,132.5642,8.22,54,4,1.13,RU,1717175913
523,thinadhoo,0.5333,72.9333,29.15,82,57,8.26,MV,1717175913
524,tobol'sk,58.2,68.2667,8.67,58,99,2.68,RU,1717175640
525,krusevac,43.58,21.3339,23.2,59,99,5.55,RS,1717175913
526,kondopoga,62.2057,34.2614,22.82,59,81,1.59,RU,1717175913
527,port isabel,26.0734,-97.2086,33.04,76,75,8.75,US,1717175821
528,ponta delgada,37.7333,-25.6667,20.4,83,20,5.66,PT,1717175914
529,la passe,45.5549,-0.8967,17.21,78,33,5.93,FR,1717175914
530,sungai penuh,-2.0833,101.3833,19.66,94,100,1.41,ID,1717175914
531,guarapari,-20.6667,-40.4975,23.07,64,0,5.28,BR,1717175914
532,sept-iles,50.2001,-66.3821,13.36,58,75,6.69,CA,1717175915
533,awjilah,29.1081,21.2869,37.64,10,0,3.45,LY,1717175915
534,aral,40.5156,81.2636,23.9,28,76,1.52,CN,1717175915
535,gisborne,-38.6533,178.0042,9.96,73,6,4.08,NZ,1717175915
536,ciudad lazaro cardenas,17.9583,-102.2,30.97,55,8,3.33,MX,1717175902
537,salida,37.7058,-121.0849,29.45,35,0,4.12,US,1717175915
538,gulf shores,30.246,-87.7008,32.43,61,0,6.69,US,1717175915
539,aktau,43.65,51.2,26.32,30,70,4.45,KZ,1717175916
540,ternate,0.8,127.4,27.39,80,100,0.95,ID,1717175916
541,yemva,62.59,50.8594,13.88,52,13,3.17,RU,1717175916
542,tsiombe,-25.3,45.4833,19.47,80,0,2.65,MG,1717175916
543,wagar,16.1525,36.2032,37.0,13,100,7.37,SD,1717175916
544,karaton,-6.3424,106.1045,23.25,99,85,0.33,ID,1717175916
545,yinchuan,38.4681,106.2731,22.85,23,66,0.85,CN,1717175916
546,san martin,-33.081,-68.4681,16.3,35,5,3.65,AR,1717175705
547,bogale,16.2833,95.4,27.38,89,40,2.71,MM,1717175917
548,acapulco de juarez,16.8634,-99.8901,30.9,70,20,4.63,MX,1717175727
549,lionel town,17.8101,-77.2406,33.83,55,97,6.25,JM,1717175917
550,copala,16.65,-98.9833,32.0,51,97,3.72,MX,1717175917
551,hami,42.8,93.45,25.46,14,100,9.96,CN,1717175634
552,miramichi,47.0043,-65.4654,12.45,50,66,3.95,CA,1717175917
553,kulhudhuffushi,6.6221,73.07,28.77,83,92,8.56,MV,1717175917
554,castillos,-34.1667,-53.8333,14.87,70,99,2.86,UY,1717175917
555,vrangel',42.7297,133.0839,9.29,94,100,4.26,RU,1717175918
556,lata,40.1629,-8.3327,29.49,37,2,4.47,PT,1717175918
557,saint-leu,-21.15,55.2833,22.46,73,49,2.42,RE,1717175918
